Periodo,nom_aglomerado,Nivel_Educativo,Tasa_Actividad,Tasa_Empleo,Tasa_Desocupacion,Ingreso_Medio_Real
2016-T2,Gran Salta,Primaria Completa,50.46,47.62,5.63,0.0
2016-T2,Gran Salta,Primaria Incompleta,6.66,6.24,6.34,0.0
2016-T2,Gran Salta,Secundaria Completa,68.1,64.5,5.29,0.0
2016-T2,Gran Salta,Secundaria Incompleta,36.04,30.65,14.94,0.0
2016-T2,Gran Salta,Sin Instrucción,1.31,1.31,0.0,0.0
2016-T2,Gran Salta,Superior Completa,82.96,78.63,5.22,0.0
2016-T2,Gran Salta,Superior Incompleta,56.73,48.1,15.22,0.0
2016-T2,Gran Tucumán - Tafí Viejo,Primaria Completa,47.93,44.87,6.38,0.0
2016-T2,Gran Tucumán - Tafí Viejo,Primaria Incompleta,11.84,11.28,4.69,0.0
2016-T2,Gran Tucumán - Tafí Viejo,Secundaria Completa,68.73,62.98,8.37,0.0
2016-T2,Gran Tucumán - Tafí Viejo,Secundaria Incompleta,32.09,28.14,12.31,0.0
2016-T2,Gran Tucumán - Tafí Viejo,Sin Instrucción,0.0,0.0,0.0,0.0
2016-T2,Gran Tucumán - Tafí Viejo,Superior Completa,77.75,73.9,4.96,0.0
2016-T2,Gran Tucumán - Tafí Viejo,Superior Incompleta,50.03,44.02,12.01,0.0
2016-T3,Gran Salta,Primaria Completa,49.82,45.36,8.95,0.0
2016-T3,Gran Salta,Primaria Incompleta,10.07,9.66,4.11,0.0
2016-T3,Gran Salta,Secundaria Completa,67.45,62.43,7.45,0.0
2016-T3,Gran Salta,Secundaria Incompleta,38.36,34.87,9.11,0.0
2016-T3,Gran Salta,Sin Instrucción,0.68,0.68,0.0,0.0
2016-T3,Gran Salta,Superior Completa,76.99,74.73,2.93,0.0
2016-T3,Gran Salta,Superior Incompleta,57.74,51.64,10.57,0.0
2016-T3,Gran Tucumán - Tafí Viejo,Primaria Completa,54.97,50.75,7.68,0.0
2016-T3,Gran Tucumán - Tafí Viejo,Primaria Incompleta,15.89,13.99,11.92,0.0
2016-T3,Gran Tucumán - Tafí Viejo,Secundaria Completa,67.26,62.08,7.71,0.0
2016-T3,Gran Tucumán - Tafí Viejo,Secundaria Incompleta,34.21,31.31,8.49,0.0
2016-T3,Gran Tucumán - Tafí Viejo,Sin Instrucción,1.8,1.8,0.0,0.0
2016-T3,Gran Tucumán - Tafí Viejo,Superior Completa,74.9,70.7,5.61,0.0
2016-T3,Gran Tucumán - Tafí Viejo,Superior Incompleta,50.78,45.45,10.49,0.0
2016-T4,Gran Salta,Primaria Completa,45.0,44.52,1.07,0.0
2016-T4,Gran Salta,Primaria Incompleta,7.92,6.57,17.1,0.0
2016-T4,Gran Salta,Secundaria Completa,68.1,63.24,7.14,0.0
2016-T4,Gran Salta,Secundaria Incompleta,39.9,36.26,9.12,0.0
2016-T4,Gran Salta,Sin Instrucción,1.78,1.78,0.0,0.0
2016-T4,Gran Salta,Superior Completa,78.87,76.36,3.18,0.0
2016-T4,Gran Salta,Superior Incompleta,58.62,51.86,11.52,0.0
2016-T4,Gran Tucumán - Tafí Viejo,Primaria Completa,60.03,55.64,7.3,0.0
2016-T4,Gran Tucumán - Tafí Viejo,Primaria Incompleta,14.19,12.43,12.44,0.0
2016-T4,Gran Tucumán - Tafí Viejo,Secundaria Completa,66.32,60.88,8.21,0.0
2016-T4,Gran Tucumán - Tafí Viejo,Secundaria Incompleta,33.5,30.31,9.51,0.0
2016-T4,Gran Tucumán - Tafí Viejo,Sin Instrucción,1.37,1.37,0.0,0.0
2016-T4,Gran Tucumán - Tafí Viejo,Superior Completa,76.81,73.38,4.47,0.0
2016-T4,Gran Tucumán - Tafí Viejo,Superior Incompleta,51.57,46.11,10.6,0.0
2017-T1,Gran Salta,Primaria Completa,54.98,52.24,4.97,552532.59
2017-T1,Gran Salta,Primaria Incompleta,10.41,9.77,6.21,489233.11
2017-T1,Gran Salta,Secundaria Completa,68.59,64.93,5.34,929383.71
2017-T1,Gran Salta,Secundaria Incompleta,43.33,39.1,9.78,588963.29
2017-T1,Gran Salta,Sin Instrucción,1.45,1.45,0.0,311786.88
2017-T1,Gran Salta,Superior Completa,84.37,78.63,6.8,1582455.2
2017-T1,Gran Salta,Superior Incompleta,62.51,56.49,9.64,868226.24
2017-T1,Gran Tucumán - Tafí Viejo,Primaria Completa,51.7,47.96,7.24,726172.59
2017-T1,Gran Tucumán - Tafí Viejo,Primaria Incompleta,13.0,12.65,2.68,560016.2
2017-T1,Gran Tucumán - Tafí Viejo,Secundaria Completa,60.71,56.14,7.52,910693.76
2017-T1,Gran Tucumán - Tafí Viejo,Secundaria Incompleta,31.03,28.06,9.58,960837.17
2017-T1,Gran Tucumán - Tafí Viejo,Sin Instrucción,0.93,0.93,0.0,595712.3
2017-T1,Gran Tucumán - Tafí Viejo,Superior Completa,76.36,72.05,5.64,1316692.14
2017-T1,Gran Tucumán - Tafí Viejo,Superior Incompleta,48.92,42.2,13.73,897240.8
2017-T2,Gran Salta,Primaria Completa,50.99,47.59,6.67,581576.92
2017-T2,Gran Salta,Primaria Incompleta,7.47,6.73,9.85,431242.74
2017-T2,Gran Salta,Secundaria Completa,69.5,63.71,8.32,831618.92
2017-T2,Gran Salta,Secundaria Incompleta,42.69,38.89,8.9,652179.51
2017-T2,Gran Salta,Sin Instrucción,1.43,1.43,0.0,488365.59
2017-T2,Gran Salta,Superior Completa,82.45,80.98,1.79,1624089.2
2017-T2,Gran Salta,Superior Incompleta,60.89,52.7,13.45,862389.48
2017-T2,Gran Tucumán - Tafí Viejo,Primaria Completa,55.04,51.61,6.23,681781.06
2017-T2,Gran Tucumán - Tafí Viejo,Primaria Incompleta,11.25,11.16,0.83,560216.19
2017-T2,Gran Tucumán - Tafí Viejo,Secundaria Completa,61.69,56.38,8.6,892901.33
2017-T2,Gran Tucumán - Tafí Viejo,Secundaria Incompleta,34.62,31.3,9.6,755128.06
2017-T2,Gran Tucumán - Tafí Viejo,Sin Instrucción,0.35,0.35,0.0,0.0
2017-T2,Gran Tucumán - Tafí Viejo,Superior Completa,76.22,73.58,3.47,1226047.94
2017-T2,Gran Tucumán - Tafí Viejo,Superior Incompleta,48.5,43.23,10.87,980798.74
2017-T3,Gran Salta,Primaria Completa,55.57,52.99,4.65,688979.97
2017-T3,Gran Salta,Primaria Incompleta,6.93,6.44,7.05,404521.35
2017-T3,Gran Salta,Secundaria Completa,71.34,66.59,6.65,833543.57
2017-T3,Gran Salta,Secundaria Incompleta,44.44,38.1,14.26,650098.63
2017-T3,Gran Salta,Sin Instrucción,1.73,1.73,0.0,557901.65
2017-T3,Gran Salta,Superior Completa,80.49,76.6,4.84,1749607.41
2017-T3,Gran Salta,Superior Incompleta,61.84,55.13,10.86,905033.85
2017-T3,Gran Tucumán - Tafí Viejo,Primaria Completa,54.4,50.79,6.64,644555.14
2017-T3,Gran Tucumán - Tafí Viejo,Primaria Incompleta,14.04,11.27,19.73,576124.39
2017-T3,Gran Tucumán - Tafí Viejo,Secundaria Completa,65.22,59.24,9.17,950388.51
2017-T3,Gran Tucumán - Tafí Viejo,Secundaria Incompleta,32.96,28.96,12.14,683653.91
2017-T3,Gran Tucumán - Tafí Viejo,Sin Instrucción,0.78,0.78,0.0,339392.91
2017-T3,Gran Tucumán - Tafí Viejo,Superior Completa,78.82,76.51,2.93,1361005.95
2017-T3,Gran Tucumán - Tafí Viejo,Superior Incompleta,47.0,42.36,9.87,932378.68
2017-T4,Gran Salta,Primaria Completa,54.26,50.13,7.62,598463.01
2017-T4,Gran Salta,Primaria Incompleta,10.15,9.91,2.41,420183.35
2017-T4,Gran Salta,Secundaria Completa,71.51,65.24,8.77,860134.94
2017-T4,Gran Salta,Secundaria Incompleta,47.4,41.87,11.66,664082.6
2017-T4,Gran Salta,Sin Instrucción,0.63,0.63,0.0,536738.16
2017-T4,Gran Salta,Superior Completa,82.8,79.13,4.44,1705477.67
2017-T4,Gran Salta,Superior Incompleta,63.51,57.76,9.05,928338.65
2017-T4,Gran Tucumán - Tafí Viejo,Primaria Completa,57.27,54.97,4.02,659698.65
2017-T4,Gran Tucumán - Tafí Viejo,Primaria Incompleta,13.3,11.71,11.99,493538.4
2017-T4,Gran Tucumán - Tafí Viejo,Secundaria Completa,65.59,61.73,5.89,949823.96
2017-T4,Gran Tucumán - Tafí Viejo,Secundaria Incompleta,33.1,30.59,7.57,767146.13
2017-T4,Gran Tucumán - Tafí Viejo,Sin Instrucción,0.49,0.49,0.0,282600.77
2017-T4,Gran Tucumán - Tafí Viejo,Superior Completa,79.04,75.41,4.6,1404727.04
2017-T4,Gran Tucumán - Tafí Viejo,Superior Incompleta,50.78,48.31,4.85,869449.04
2018-T1,Gran Salta,Primaria Completa,49.11,44.91,8.54,624653.36
2018-T1,Gran Salta,Primaria Incompleta,9.3,8.18,12.04,416401.59
2018-T1,Gran Salta,Secundaria Completa,73.7,67.92,7.85,978243.56
2018-T1,Gran Salta,Secundaria Incompleta,43.54,39.21,9.93,700191.96
2018-T1,Gran Salta,Sin Instrucción,0.38,0.38,0.0,7556.91
2018-T1,Gran Salta,Superior Completa,83.26,78.47,5.75,1468229.72
2018-T1,Gran Salta,Superior Incompleta,61.14,53.68,12.21,850657.49
2018-T1,Gran Tucumán - Tafí Viejo,Primaria Completa,53.73,50.05,6.85,668580.79
2018-T1,Gran Tucumán - Tafí Viejo,Primaria Incompleta,12.18,10.84,11.0,551636.12
2018-T1,Gran Tucumán - Tafí Viejo,Secundaria Completa,63.48,57.12,10.02,948715.04
2018-T1,Gran Tucumán - Tafí Viejo,Secundaria Incompleta,30.19,27.6,8.57,671691.13
2018-T1,Gran Tucumán - Tafí Viejo,Sin Instrucción,1.66,0.86,48.4,308820.65
2018-T1,Gran Tucumán - Tafí Viejo,Superior Completa,75.04,70.84,5.59,1405337.05
2018-T1,Gran Tucumán - Tafí Viejo,Superior Incompleta,48.76,47.0,3.61,927198.55
2018-T2,Gran Salta,Primaria Completa,51.39,47.37,7.83,596021.89
2018-T2,Gran Salta,Primaria Incompleta,11.88,9.98,15.94,400856.99
2018-T2,Gran Salta,Secundaria Completa,71.3,65.45,8.2,845003.08
2018-T2,Gran Salta,Secundaria Incompleta,41.52,36.52,12.04,653970.64
2018-T2,Gran Salta,Sin Instrucción,0.32,0.32,0.0,168131.05
2018-T2,Gran Salta,Superior Completa,81.71,76.59,6.26,1593897.54
2018-T2,Gran Salta,Superior Incompleta,59.06,50.53,14.45,919541.64
2018-T2,Gran Tucumán - Tafí Viejo,Primaria Completa,52.69,49.53,5.99,688742.22
2018-T2,Gran Tucumán - Tafí Viejo,Primaria Incompleta,15.45,14.86,3.78,478201.23
2018-T2,Gran Tucumán - Tafí Viejo,Secundaria Completa,67.62,59.62,11.82,892666.07
2018-T2,Gran Tucumán - Tafí Viejo,Secundaria Incompleta,39.49,34.82,11.82,772834.0
2018-T2,Gran Tucumán - Tafí Viejo,Sin Instrucción,1.58,1.58,0.0,258451.22
2018-T2,Gran Tucumán - Tafí Viejo,Superior Completa,75.85,72.33,4.64,1557190.24
2018-T2,Gran Tucumán - Tafí Viejo,Superior Incompleta,47.07,42.02,10.74,813937.99
2018-T3,Gran Salta,Primaria Completa,55.29,49.74,10.03,505514.89
2018-T3,Gran Salta,Primaria Incompleta,9.95,9.95,0.0,399733.75
2018-T3,Gran Salta,Secundaria Completa,72.13,65.35,9.39,701946.46
2018-T3,Gran Salta,Secundaria Incompleta,42.7,38.94,8.81,606591.93
2018-T3,Gran Salta,Sin Instrucción,1.02,1.02,0.0,836841.5
2018-T3,Gran Salta,Superior Completa,82.7,77.93,5.77,1496419.61
2018-T3,Gran Salta,Superior Incompleta,63.11,55.01,12.83,807817.13
2018-T3,Gran Tucumán - Tafí Viejo,Primaria Completa,54.47,51.67,5.15,602722.6
2018-T3,Gran Tucumán - Tafí Viejo,Primaria Incompleta,15.74,15.47,1.73,521938.66
2018-T3,Gran Tucumán - Tafí Viejo,Secundaria Completa,63.51,58.56,7.8,855889.84
2018-T3,Gran Tucumán - Tafí Viejo,Secundaria Incompleta,38.0,33.26,12.48,722401.77
2018-T3,Gran Tucumán - Tafí Viejo,Sin Instrucción,0.43,0.43,0.0,94251.77
2018-T3,Gran Tucumán - Tafí Viejo,Superior Completa,78.96,75.92,3.85,1295971.01
2018-T3,Gran Tucumán - Tafí Viejo,Superior Incompleta,49.99,45.97,8.03,808170.47
2018-T4,Gran Salta,Primaria Completa,54.46,51.07,6.22,544484.38
2018-T4,Gran Salta,Primaria Incompleta,8.29,8.29,0.0,298661.09
2018-T4,Gran Salta,Secundaria Completa,70.93,64.82,8.61,733953.85
2018-T4,Gran Salta,Secundaria Incompleta,48.62,44.15,9.19,498085.81
2018-T4,Gran Salta,Sin Instrucción,0.67,0.67,0.0,71103.46
2018-T4,Gran Salta,Superior Completa,79.32,76.41,3.67,1456634.34
2018-T4,Gran Salta,Superior Incompleta,64.26,54.09,15.82,729758.57
2018-T4,Gran Tucumán - Tafí Viejo,Primaria Completa,52.2,49.21,5.73,567175.85
2018-T4,Gran Tucumán - Tafí Viejo,Primaria Incompleta,13.63,13.04,4.37,508383.26
2018-T4,Gran Tucumán - Tafí Viejo,Secundaria Completa,69.35,64.31,7.26,809450.54
2018-T4,Gran Tucumán - Tafí Viejo,Secundaria Incompleta,34.51,29.9,13.37,581684.0
2018-T4,Gran Tucumán - Tafí Viejo,Sin Instrucción,0.38,0.0,100.0,0.0
2018-T4,Gran Tucumán - Tafí Viejo,Superior Completa,81.15,78.54,3.22,1194084.08
2018-T4,Gran Tucumán - Tafí Viejo,Superior Incompleta,54.26,48.08,11.4,789130.35
2019-T1,Gran Salta,Primaria Completa,43.75,40.18,8.17,465432.14
2019-T1,Gran Salta,Primaria Incompleta,7.45,7.22,3.12,424946.48
2019-T1,Gran Salta,Secundaria Completa,74.42,68.8,7.55,754480.45
2019-T1,Gran Salta,Secundaria Incompleta,42.64,36.84,13.6,490605.46
2019-T1,Gran Salta,Sin Instrucción,0.75,0.75,0.0,149329.49
2019-T1,Gran Salta,Superior Completa,82.79,78.01,5.77,1481809.43
2019-T1,Gran Salta,Superior Incompleta,58.52,50.25,14.13,667903.94
2019-T1,Gran Tucumán - Tafí Viejo,Primaria Completa,53.65,47.46,11.54,560780.23
2019-T1,Gran Tucumán - Tafí Viejo,Primaria Incompleta,15.32,13.62,11.12,469946.71
2019-T1,Gran Tucumán - Tafí Viejo,Secundaria Completa,68.33,61.66,9.77,731180.05
2019-T1,Gran Tucumán - Tafí Viejo,Secundaria Incompleta,38.15,31.7,16.91,521769.2
2019-T1,Gran Tucumán - Tafí Viejo,Sin Instrucción,1.09,1.09,0.0,696870.93
2019-T1,Gran Tucumán - Tafí Viejo,Superior Completa,74.68,72.94,2.32,1313720.19
2019-T1,Gran Tucumán - Tafí Viejo,Superior Incompleta,55.3,47.46,14.18,810395.91
2019-T2,Gran Salta,Primaria Completa,50.76,43.04,15.22,494886.99
2019-T2,Gran Salta,Primaria Incompleta,11.49,10.48,8.8,429436.52
2019-T2,Gran Salta,Secundaria Completa,74.53,66.23,11.14,687237.88
2019-T2,Gran Salta,Secundaria Incompleta,43.56,35.44,18.63,465194.9
2019-T2,Gran Salta,Sin Instrucción,0.36,0.36,0.0,89593.08
2019-T2,Gran Salta,Superior Completa,81.22,76.5,5.82,1501666.67
2019-T2,Gran Salta,Superior Incompleta,64.0,54.78,14.4,688882.04
2019-T2,Gran Tucumán - Tafí Viejo,Primaria Completa,59.44,55.88,5.99,537240.7
2019-T2,Gran Tucumán - Tafí Viejo,Primaria Incompleta,14.77,12.46,15.63,431820.75
2019-T2,Gran Tucumán - Tafí Viejo,Secundaria Completa,71.33,63.48,11.0,729619.49
2019-T2,Gran Tucumán - Tafí Viejo,Secundaria Incompleta,39.9,34.0,14.79,502324.91
2019-T2,Gran Tucumán - Tafí Viejo,Sin Instrucción,1.48,1.14,22.72,650188.5
2019-T2,Gran Tucumán - Tafí Viejo,Superior Completa,79.86,73.08,8.49,1297516.62
2019-T2,Gran Tucumán - Tafí Viejo,Superior Incompleta,56.71,49.26,13.12,772388.3
2019-T3,Gran Salta,Primaria Completa,55.62,51.3,7.77,406035.66
2019-T3,Gran Salta,Primaria Incompleta,8.93,7.87,11.85,307348.45
2019-T3,Gran Salta,Secundaria Completa,73.86,67.28,8.9,648753.57
2019-T3,Gran Salta,Secundaria Incompleta,43.98,38.49,12.49,485763.75
2019-T3,Gran Salta,Sin Instrucción,0.0,0.0,0.0,0.0
2019-T3,Gran Salta,Superior Completa,82.69,80.39,2.77,1384435.99
2019-T3,Gran Salta,Superior Incompleta,61.71,54.82,11.17,701305.41
2019-T3,Gran Tucumán - Tafí Viejo,Primaria Completa,56.81,49.92,12.13,519250.76
2019-T3,Gran Tucumán - Tafí Viejo,Primaria Incompleta,15.58,13.95,10.42,361403.25
2019-T3,Gran Tucumán - Tafí Viejo,Secundaria Completa,74.35,66.87,10.06,777373.24
2019-T3,Gran Tucumán - Tafí Viejo,Secundaria Incompleta,38.96,34.32,11.92,485744.46
2019-T3,Gran Tucumán - Tafí Viejo,Sin Instrucción,1.54,1.54,0.0,418986.71
2019-T3,Gran Tucumán - Tafí Viejo,Superior Completa,79.89,74.07,7.29,1291639.59
2019-T3,Gran Tucumán - Tafí Viejo,Superior Incompleta,59.86,49.8,16.81,744233.28
2019-T4,Gran Salta,Primaria Completa,53.86,48.98,9.06,404245.38
2019-T4,Gran Salta,Primaria Incompleta,6.98,6.01,13.89,440820.48
2019-T4,Gran Salta,Secundaria Completa,74.16,66.8,9.93,659189.48
2019-T4,Gran Salta,Secundaria Incompleta,45.94,38.57,16.03,431324.68
2019-T4,Gran Salta,Sin Instrucción,0.34,0.34,0.0,0.0
2019-T4,Gran Salta,Superior Completa,78.67,74.89,4.81,1346041.98
2019-T4,Gran Salta,Superior Incompleta,65.19,58.37,10.46,688916.73
2019-T4,Gran Tucumán - Tafí Viejo,Primaria Completa,47.7,44.37,6.97,526330.73
2019-T4,Gran Tucumán - Tafí Viejo,Primaria Incompleta,14.86,11.47,22.8,398760.6
2019-T4,Gran Tucumán - Tafí Viejo,Secundaria Completa,70.52,63.91,9.37,740570.07
2019-T4,Gran Tucumán - Tafí Viejo,Secundaria Incompleta,39.21,34.39,12.3,509258.55
2019-T4,Gran Tucumán - Tafí Viejo,Sin Instrucción,2.12,2.12,0.0,228420.59
2019-T4,Gran Tucumán - Tafí Viejo,Superior Completa,79.17,74.81,5.52,1288641.38
2019-T4,Gran Tucumán - Tafí Viejo,Superior Incompleta,59.65,52.26,12.39,804778.83
2020-T1,Gran Salta,Primaria Completa,51.73,46.22,10.65,441046.13
2020-T1,Gran Salta,Primaria Incompleta,9.68,8.19,15.33,362802.48
2020-T1,Gran Salta,Secundaria Completa,73.92,65.15,11.88,692810.18
2020-T1,Gran Salta,Secundaria Incompleta,43.77,39.01,10.88,437701.34
2020-T1,Gran Salta,Sin Instrucción,2.85,2.85,0.0,278992.74
2020-T1,Gran Salta,Superior Completa,76.38,71.89,5.87,1357363.57
2020-T1,Gran Salta,Superior Incompleta,60.58,52.85,12.75,620372.8
2020-T1,Gran Tucumán - Tafí Viejo,Primaria Completa,52.9,44.85,15.21,470698.87
2020-T1,Gran Tucumán - Tafí Viejo,Primaria Incompleta,10.83,9.2,15.07,503419.49
2020-T1,Gran Tucumán - Tafí Viejo,Secundaria Completa,72.13,62.76,12.99,689302.93
2020-T1,Gran Tucumán - Tafí Viejo,Secundaria Incompleta,39.26,31.93,18.68,545529.42
2020-T1,Gran Tucumán - Tafí Viejo,Sin Instrucción,1.95,1.95,0.0,1324668.54
2020-T1,Gran Tucumán - Tafí Viejo,Superior Completa,80.57,76.27,5.33,1245643.83
2020-T1,Gran Tucumán - Tafí Viejo,Superior Incompleta,50.84,43.17,15.08,685477.31
2020-T2,Gran Salta,Primaria Completa,40.2,31.01,22.85,380192.9
2020-T2,Gran Salta,Primaria Incompleta,5.27,5.27,0.0,344026.06
2020-T2,Gran Salta,Secundaria Completa,58.51,50.63,13.46,684820.59
2020-T2,Gran Salta,Secundaria Incompleta,34.04,27.41,19.48,482926.41
2020-T2,Gran Salta,Sin Instrucción,1.18,0.76,35.43,62253.49
2020-T2,Gran Salta,Superior Completa,73.78,68.56,7.07,1182717.63
2020-T2,Gran Salta,Superior Incompleta,55.74,47.15,15.41,806311.83
2020-T2,Gran Tucumán - Tafí Viejo,Primaria Completa,42.8,37.94,11.34,500769.55
2020-T2,Gran Tucumán - Tafí Viejo,Primaria Incompleta,4.09,3.06,25.28,239684.48
2020-T2,Gran Tucumán - Tafí Viejo,Secundaria Completa,54.61,48.72,10.79,644921.09
2020-T2,Gran Tucumán - Tafí Viejo,Secundaria Incompleta,23.23,20.94,9.85,523495.23
2020-T2,Gran Tucumán - Tafí Viejo,Sin Instrucción,0.0,0.0,0.0,0.0
2020-T2,Gran Tucumán - Tafí Viejo,Superior Completa,69.52,61.39,11.69,1649901.19
2020-T2,Gran Tucumán - Tafí Viejo,Superior Incompleta,41.11,37.55,8.66,819458.53
2020-T3,Gran Salta,Primaria Completa,43.18,42.05,2.62,437171.54
2020-T3,Gran Salta,Primaria Incompleta,7.66,7.1,7.35,368246.22
2020-T3,Gran Salta,Secundaria Completa,65.78,56.41,14.24,694076.18
2020-T3,Gran Salta,Secundaria Incompleta,42.15,36.8,12.68,442065.41
2020-T3,Gran Salta,Sin Instrucción,1.59,1.59,0.0,327117.28
2020-T3,Gran Salta,Superior Completa,81.74,76.84,5.99,1256488.22
2020-T3,Gran Salta,Superior Incompleta,58.45,49.68,15.0,706219.09
2020-T3,Gran Tucumán - Tafí Viejo,Primaria Completa,43.25,38.34,11.35,411814.84
2020-T3,Gran Tucumán - Tafí Viejo,Primaria Incompleta,9.7,8.72,10.09,311819.54
2020-T3,Gran Tucumán - Tafí Viejo,Secundaria Completa,61.48,51.81,15.74,537297.97
2020-T3,Gran Tucumán - Tafí Viejo,Secundaria Incompleta,35.03,28.76,17.91,403651.97
2020-T3,Gran Tucumán - Tafí Viejo,Sin Instrucción,3.69,3.69,0.0,810297.52
2020-T3,Gran Tucumán - Tafí Viejo,Superior Completa,67.93,66.93,1.47,1142826.67
2020-T3,Gran Tucumán - Tafí Viejo,Superior Incompleta,48.96,42.2,13.8,718715.63
2020-T4,Gran Salta,Primaria Completa,52.32,47.47,9.27,430944.55
2020-T4,Gran Salta,Primaria Incompleta,8.43,7.32,13.21,362101.67
2020-T4,Gran Salta,Secundaria Completa,67.08,62.02,7.54,657529.73
2020-T4,Gran Salta,Secundaria Incompleta,42.02,37.09,11.74,414508.4
2020-T4,Gran Salta,Sin Instrucción,0.29,0.29,0.0,316952.08
2020-T4,Gran Salta,Superior Completa,77.81,72.01,7.45,1320674.23
2020-T4,Gran Salta,Superior Incompleta,55.74,50.36,9.66,800258.36
2020-T4,Gran Tucumán - Tafí Viejo,Primaria Completa,52.59,47.14,10.38,503577.74
2020-T4,Gran Tucumán - Tafí Viejo,Primaria Incompleta,11.51,8.78,23.72,386490.64
2020-T4,Gran Tucumán - Tafí Viejo,Secundaria Completa,60.24,54.92,8.84,702810.33
2020-T4,Gran Tucumán - Tafí Viejo,Secundaria Incompleta,37.6,31.16,17.12,479275.01
2020-T4,Gran Tucumán - Tafí Viejo,Sin Instrucción,2.25,2.25,0.0,68882.57
2020-T4,Gran Tucumán - Tafí Viejo,Superior Completa,75.64,72.91,3.61,1241550.87
2020-T4,Gran Tucumán - Tafí Viejo,Superior Incompleta,49.3,45.14,8.44,623046.4
2021-T1,Gran Salta,Primaria Completa,53.1,48.67,8.34,487862.28
2021-T1,Gran Salta,Primaria Incompleta,7.81,6.49,16.82,389736.58
2021-T1,Gran Salta,Secundaria Completa,71.26,63.06,11.51,604662.58
2021-T1,Gran Salta,Secundaria Incompleta,41.52,36.51,12.06,457307.41
2021-T1,Gran Salta,Sin Instrucción,1.89,1.89,0.0,250273.69
2021-T1,Gran Salta,Superior Completa,81.77,75.41,7.77,1260074.32
2021-T1,Gran Salta,Superior Incompleta,64.5,57.32,11.14,660032.74
2021-T1,Gran Tucumán - Tafí Viejo,Primaria Completa,54.04,49.59,8.25,477531.06
2021-T1,Gran Tucumán - Tafí Viejo,Primaria Incompleta,8.4,6.49,22.82,389467.33
2021-T1,Gran Tucumán - Tafí Viejo,Secundaria Completa,65.91,54.26,17.67,663307.79
2021-T1,Gran Tucumán - Tafí Viejo,Secundaria Incompleta,37.36,29.31,21.54,488357.39
2021-T1,Gran Tucumán - Tafí Viejo,Sin Instrucción,2.98,2.48,16.8,156840.46
2021-T1,Gran Tucumán - Tafí Viejo,Superior Completa,75.61,67.48,10.76,1200614.09
2021-T1,Gran Tucumán - Tafí Viejo,Superior Incompleta,58.51,50.36,13.93,656403.09
2021-T2,Gran Salta,Primaria Completa,53.62,49.77,7.16,423495.5
2021-T2,Gran Salta,Primaria Incompleta,5.93,5.28,10.92,265793.74
2021-T2,Gran Salta,Secundaria Completa,74.92,66.16,11.7,584886.36
2021-T2,Gran Salta,Secundaria Incompleta,44.0,37.74,14.23,445924.45
2021-T2,Gran Salta,Sin Instrucción,1.12,0.31,72.42,419561.43
2021-T2,Gran Salta,Superior Completa,79.3,75.65,4.6,1175357.89
2021-T2,Gran Salta,Superior Incompleta,60.15,53.31,11.36,621764.45
2021-T2,Gran Tucumán - Tafí Viejo,Primaria Completa,49.69,45.0,9.44,487915.61
2021-T2,Gran Tucumán - Tafí Viejo,Primaria Incompleta,14.51,11.82,18.55,328383.57
2021-T2,Gran Tucumán - Tafí Viejo,Secundaria Completa,69.1,58.74,15.0,631322.35
2021-T2,Gran Tucumán - Tafí Viejo,Secundaria Incompleta,35.23,30.91,12.26,473876.56
2021-T2,Gran Tucumán - Tafí Viejo,Sin Instrucción,1.41,1.41,0.0,1375119.23
2021-T2,Gran Tucumán - Tafí Viejo,Superior Completa,69.13,63.87,7.6,1229090.98
2021-T2,Gran Tucumán - Tafí Viejo,Superior Incompleta,53.51,44.33,17.17,622802.83
2021-T3,Gran Salta,Primaria Completa,48.12,45.4,5.65,376736.46
2021-T3,Gran Salta,Primaria Incompleta,6.01,5.59,6.93,388449.57
2021-T3,Gran Salta,Secundaria Completa,72.24,67.21,6.95,585405.65
2021-T3,Gran Salta,Secundaria Incompleta,41.48,36.47,12.06,433814.69
2021-T3,Gran Salta,Sin Instrucción,1.87,1.87,0.0,352859.57
2021-T3,Gran Salta,Superior Completa,80.5,77.21,4.09,1253671.49
2021-T3,Gran Salta,Superior Incompleta,55.49,52.56,5.29,632176.48
2021-T3,Gran Tucumán - Tafí Viejo,Primaria Completa,52.08,47.65,8.51,505257.71
2021-T3,Gran Tucumán - Tafí Viejo,Primaria Incompleta,12.59,11.04,12.25,403842.63
2021-T3,Gran Tucumán - Tafí Viejo,Secundaria Completa,64.52,56.91,11.79,702558.31
2021-T3,Gran Tucumán - Tafí Viejo,Secundaria Incompleta,34.93,29.44,15.71,454197.25
2021-T3,Gran Tucumán - Tafí Viejo,Sin Instrucción,1.92,1.92,0.0,707183.71
2021-T3,Gran Tucumán - Tafí Viejo,Superior Completa,74.87,71.99,3.84,956832.95
2021-T3,Gran Tucumán - Tafí Viejo,Superior Incompleta,52.79,48.24,8.63,620337.11
2021-T4,Gran Salta,Primaria Completa,53.45,50.67,5.2,528858.85
2021-T4,Gran Salta,Primaria Incompleta,5.7,5.35,6.09,377772.31
2021-T4,Gran Salta,Secundaria Completa,70.46,67.79,3.78,596716.11
2021-T4,Gran Salta,Secundaria Incompleta,40.54,37.42,7.68,512595.05
2021-T4,Gran Salta,Sin Instrucción,0.85,0.85,0.0,676108.58
2021-T4,Gran Salta,Superior Completa,81.7,77.02,5.73,1252055.27
2021-T4,Gran Salta,Superior Incompleta,61.4,55.6,9.44,758773.02
2021-T4,Gran Tucumán - Tafí Viejo,Primaria Completa,49.27,44.15,10.4,450639.4
2021-T4,Gran Tucumán - Tafí Viejo,Primaria Incompleta,12.31,11.56,6.06,475908.09
2021-T4,Gran Tucumán - Tafí Viejo,Secundaria Completa,64.28,58.43,9.11,699478.36
2021-T4,Gran Tucumán - Tafí Viejo,Secundaria Incompleta,37.76,32.86,12.96,480928.34
2021-T4,Gran Tucumán - Tafí Viejo,Sin Instrucción,1.48,1.48,0.0,146094.57
2021-T4,Gran Tucumán - Tafí Viejo,Superior Completa,75.66,74.58,1.42,1046555.56
2021-T4,Gran Tucumán - Tafí Viejo,Superior Incompleta,49.28,43.92,10.89,632554.35
2022-T1,Gran Salta,Primaria Completa,54.99,52.21,5.05,474627.22
2022-T1,Gran Salta,Primaria Incompleta,7.36,6.9,6.25,450397.85
2022-T1,Gran Salta,Secundaria Completa,67.95,63.32,6.81,678757.53
2022-T1,Gran Salta,Secundaria Incompleta,43.75,40.18,8.16,484981.93
2022-T1,Gran Salta,Sin Instrucción,0.82,0.82,0.0,154162.76
2022-T1,Gran Salta,Superior Completa,81.62,77.96,4.48,1320338.94
2022-T1,Gran Salta,Superior Incompleta,59.72,54.35,8.99,710510.57
2022-T1,Gran Tucumán - Tafí Viejo,Primaria Completa,51.27,46.5,9.31,464744.51
2022-T1,Gran Tucumán - Tafí Viejo,Primaria Incompleta,14.29,12.64,11.54,401298.71
2022-T1,Gran Tucumán - Tafí Viejo,Secundaria Completa,66.26,60.47,8.74,680753.41
2022-T1,Gran Tucumán - Tafí Viejo,Secundaria Incompleta,40.2,34.26,14.77,588670.17
2022-T1,Gran Tucumán - Tafí Viejo,Sin Instrucción,2.03,1.59,21.84,420248.64
2022-T1,Gran Tucumán - Tafí Viejo,Superior Completa,75.65,68.9,8.93,1199367.14
2022-T1,Gran Tucumán - Tafí Viejo,Superior Incompleta,51.61,47.23,8.49,752969.26
2022-T2,Gran Salta,Primaria Completa,55.42,52.66,4.99,450929.55
2022-T2,Gran Salta,Primaria Incompleta,9.26,9.26,0.0,423311.87
2022-T2,Gran Salta,Secundaria Completa,74.3,68.08,8.37,611585.92
2022-T2,Gran Salta,Secundaria Incompleta,43.82,40.48,7.62,501806.18
2022-T2,Gran Salta,Sin Instrucción,0.66,0.66,0.0,1434963.47
2022-T2,Gran Salta,Superior Completa,80.85,78.34,3.11,1140154.36
2022-T2,Gran Salta,Superior Incompleta,59.07,52.65,10.88,631135.83
2022-T2,Gran Tucumán - Tafí Viejo,Primaria Completa,56.31,52.6,6.59,456342.82
2022-T2,Gran Tucumán - Tafí Viejo,Primaria Incompleta,14.62,11.48,21.45,358556.39
2022-T2,Gran Tucumán - Tafí Viejo,Secundaria Completa,68.9,64.99,5.68,619671.33
2022-T2,Gran Tucumán - Tafí Viejo,Secundaria Incompleta,39.0,35.04,10.15,481856.83
2022-T2,Gran Tucumán - Tafí Viejo,Sin Instrucción,1.77,1.77,0.0,384863.94
2022-T2,Gran Tucumán - Tafí Viejo,Superior Completa,75.84,72.09,4.95,1031081.8
2022-T2,Gran Tucumán - Tafí Viejo,Superior Incompleta,56.06,52.0,7.24,721430.01
2022-T3,Gran Salta,Primaria Completa,51.96,48.28,7.08,498053.87
2022-T3,Gran Salta,Primaria Incompleta,6.3,6.3,0.0,467540.76
2022-T3,Gran Salta,Secundaria Completa,72.11,65.51,9.15,643116.83
2022-T3,Gran Salta,Secundaria Incompleta,38.05,34.06,10.48,505584.05
2022-T3,Gran Salta,Sin Instrucción,1.09,1.09,0.0,259738.2
2022-T3,Gran Salta,Superior Completa,77.82,75.83,2.56,1117600.2
2022-T3,Gran Salta,Superior Incompleta,54.2,49.99,7.77,644181.41
2022-T3,Gran Tucumán - Tafí Viejo,Primaria Completa,57.22,52.78,7.76,445166.55
2022-T3,Gran Tucumán - Tafí Viejo,Primaria Incompleta,12.53,11.74,6.3,458181.52
2022-T3,Gran Tucumán - Tafí Viejo,Secundaria Completa,69.64,64.76,7.02,603831.73
2022-T3,Gran Tucumán - Tafí Viejo,Secundaria Incompleta,31.4,27.82,11.41,427780.5
2022-T3,Gran Tucumán - Tafí Viejo,Sin Instrucción,1.8,1.26,29.82,637324.39
2022-T3,Gran Tucumán - Tafí Viejo,Superior Completa,70.93,68.71,3.13,900895.32
2022-T3,Gran Tucumán - Tafí Viejo,Superior Incompleta,53.94,50.3,6.75,608902.34
2022-T4,Gran Salta,Primaria Completa,51.24,50.39,1.65,473533.21
2022-T4,Gran Salta,Primaria Incompleta,9.12,8.89,2.55,327190.65
2022-T4,Gran Salta,Secundaria Completa,69.48,63.97,7.93,614390.55
2022-T4,Gran Salta,Secundaria Incompleta,43.37,40.01,7.74,473788.02
2022-T4,Gran Salta,Sin Instrucción,1.05,1.05,0.0,425553.77
2022-T4,Gran Salta,Superior Completa,83.03,79.18,4.64,1157224.88
2022-T4,Gran Salta,Superior Incompleta,59.34,56.07,5.52,665454.54
2022-T4,Gran Tucumán - Tafí Viejo,Primaria Completa,49.9,48.15,3.51,459257.08
2022-T4,Gran Tucumán - Tafí Viejo,Primaria Incompleta,15.18,13.18,13.19,432869.16
2022-T4,Gran Tucumán - Tafí Viejo,Secundaria Completa,67.7,60.83,10.16,570762.14
2022-T4,Gran Tucumán - Tafí Viejo,Secundaria Incompleta,36.89,33.61,8.88,448963.72
2022-T4,Gran Tucumán - Tafí Viejo,Sin Instrucción,1.56,0.86,44.91,492562.29
2022-T4,Gran Tucumán - Tafí Viejo,Superior Completa,75.47,71.45,5.32,1036232.7
2022-T4,Gran Tucumán - Tafí Viejo,Superior Incompleta,57.51,53.79,6.46,599234.11
2023-T1,Gran Salta,Primaria Completa,55.73,53.74,3.56,473684.51
2023-T1,Gran Salta,Primaria Incompleta,7.92,7.67,3.1,403665.63
2023-T1,Gran Salta,Secundaria Completa,71.8,66.6,7.24,656611.27
2023-T1,Gran Salta,Secundaria Incompleta,40.24,36.65,8.93,500743.68
2023-T1,Gran Salta,Sin Instrucción,0.55,0.55,0.0,152767.68
2023-T1,Gran Salta,Superior Completa,80.73,77.4,4.11,1274494.32
2023-T1,Gran Salta,Superior Incompleta,57.08,52.65,7.75,712650.66
2023-T1,Gran Tucumán - Tafí Viejo,Primaria Completa,48.17,43.96,8.74,470167.87
2023-T1,Gran Tucumán - Tafí Viejo,Primaria Incompleta,12.37,11.53,6.85,317809.91
2023-T1,Gran Tucumán - Tafí Viejo,Secundaria Completa,63.43,59.15,6.76,626378.76
2023-T1,Gran Tucumán - Tafí Viejo,Secundaria Incompleta,35.43,33.11,6.55,468769.57
2023-T1,Gran Tucumán - Tafí Viejo,Sin Instrucción,0.55,0.55,0.0,287203.24
2023-T1,Gran Tucumán - Tafí Viejo,Superior Completa,78.32,75.37,3.77,955615.61
2023-T1,Gran Tucumán - Tafí Viejo,Superior Incompleta,51.4,48.91,4.84,667290.08
2023-T2,Gran Salta,Primaria Completa,55.58,52.33,5.85,472239.55
2023-T2,Gran Salta,Primaria Incompleta,7.28,7.28,0.0,428511.37
2023-T2,Gran Salta,Secundaria Completa,73.88,69.45,6.0,615587.48
2023-T2,Gran Salta,Secundaria Incompleta,36.67,34.47,5.98,526329.8
2023-T2,Gran Salta,Sin Instrucción,0.69,0.69,0.0,1837510.93
2023-T2,Gran Salta,Superior Completa,77.0,74.91,2.72,1252671.84
2023-T2,Gran Salta,Superior Incompleta,54.49,51.39,5.68,603461.97
2023-T2,Gran Tucumán - Tafí Viejo,Primaria Completa,50.46,47.92,5.02,414070.03
2023-T2,Gran Tucumán - Tafí Viejo,Primaria Incompleta,11.57,9.13,21.1,443358.09
2023-T2,Gran Tucumán - Tafí Viejo,Secundaria Completa,65.38,59.95,8.31,629258.16
2023-T2,Gran Tucumán - Tafí Viejo,Secundaria Incompleta,38.67,35.22,8.91,477548.3
2023-T2,Gran Tucumán - Tafí Viejo,Sin Instrucción,1.09,1.09,0.0,245001.46
2023-T2,Gran Tucumán - Tafí Viejo,Superior Completa,73.73,70.45,4.44,914407.04
2023-T2,Gran Tucumán - Tafí Viejo,Superior Incompleta,59.85,56.23,6.05,614975.87
2023-T3,Gran Salta,Primaria Completa,52.41,50.67,3.32,405006.41
2023-T3,Gran Salta,Primaria Incompleta,7.17,7.17,0.0,433379.89
2023-T3,Gran Salta,Secundaria Completa,71.13,66.69,6.25,607846.87
2023-T3,Gran Salta,Secundaria Incompleta,38.38,35.88,6.51,471480.16
2023-T3,Gran Salta,Sin Instrucción,1.12,1.12,0.0,508145.88
2023-T3,Gran Salta,Superior Completa,76.4,74.77,2.14,1030279.97
2023-T3,Gran Salta,Superior Incompleta,55.02,51.88,5.72,574222.36
2023-T3,Gran Tucumán - Tafí Viejo,Primaria Completa,57.54,53.52,6.99,464703.13
2023-T3,Gran Tucumán - Tafí Viejo,Primaria Incompleta,9.3,9.3,0.0,379618.97
2023-T3,Gran Tucumán - Tafí Viejo,Secundaria Completa,71.89,65.66,8.67,557551.52
2023-T3,Gran Tucumán - Tafí Viejo,Secundaria Incompleta,39.94,37.79,5.38,422436.35
2023-T3,Gran Tucumán - Tafí Viejo,Sin Instrucción,1.7,1.7,0.0,362153.11
2023-T3,Gran Tucumán - Tafí Viejo,Superior Completa,79.73,76.98,3.45,875341.35
2023-T3,Gran Tucumán - Tafí Viejo,Superior Incompleta,59.54,56.09,5.79,680038.09
2023-T4,Gran Salta,Primaria Completa,53.55,51.66,3.53,405987.08
2023-T4,Gran Salta,Primaria Incompleta,5.67,5.67,0.0,344801.81
2023-T4,Gran Salta,Secundaria Completa,74.94,70.36,6.1,496395.04
2023-T4,Gran Salta,Secundaria Incompleta,39.32,37.52,4.58,404834.85
2023-T4,Gran Salta,Sin Instrucción,0.61,0.61,0.0,300657.88
2023-T4,Gran Salta,Superior Completa,81.36,79.23,2.62,1097492.6
2023-T4,Gran Salta,Superior Incompleta,62.24,57.79,7.15,573924.42
2023-T4,Gran Tucumán - Tafí Viejo,Primaria Completa,58.02,54.74,5.65,429039.78
2023-T4,Gran Tucumán - Tafí Viejo,Primaria Incompleta,12.48,12.48,0.0,351515.43
2023-T4,Gran Tucumán - Tafí Viejo,Secundaria Completa,68.71,63.73,7.24,508820.09
2023-T4,Gran Tucumán - Tafí Viejo,Secundaria Incompleta,39.5,36.45,7.7,379710.65
2023-T4,Gran Tucumán - Tafí Viejo,Sin Instrucción,0.0,0.0,0.0,0.0
2023-T4,Gran Tucumán - Tafí Viejo,Superior Completa,77.47,76.06,1.83,767046.36
2023-T4,Gran Tucumán - Tafí Viejo,Superior Incompleta,61.26,56.88,7.15,572956.26
2024-T1,Gran Salta,Primaria Completa,52.91,49.04,7.3,366176.71
2024-T1,Gran Salta,Primaria Incompleta,4.77,4.77,0.0,248030.45
2024-T1,Gran Salta,Secundaria Completa,69.73,67.14,3.72,516171.07
2024-T1,Gran Salta,Secundaria Incompleta,35.95,32.65,9.17,361066.85
2024-T1,Gran Salta,Sin Instrucción,1.4,1.4,0.0,230179.28
2024-T1,Gran Salta,Superior Completa,82.02,77.73,5.24,1090735.63
2024-T1,Gran Salta,Superior Incompleta,54.62,51.16,6.33,486488.91
2024-T1,Gran Tucumán - Tafí Viejo,Primaria Completa,50.94,47.34,7.05,333073.66
2024-T1,Gran Tucumán - Tafí Viejo,Primaria Incompleta,8.22,7.53,8.39,336663.84
2024-T1,Gran Tucumán - Tafí Viejo,Secundaria Completa,65.86,59.39,9.82,496775.75
2024-T1,Gran Tucumán - Tafí Viejo,Secundaria Incompleta,33.33,29.31,12.04,326007.44
2024-T1,Gran Tucumán - Tafí Viejo,Sin Instrucción,0.0,0.0,0.0,0.0
2024-T1,Gran Tucumán - Tafí Viejo,Superior Completa,74.0,70.42,4.84,668206.93
2024-T1,Gran Tucumán - Tafí Viejo,Superior Incompleta,59.02,54.21,8.15,442910.19
2024-T2,Gran Salta,Primaria Completa,46.75,46.16,1.26,440102.99
2024-T2,Gran Salta,Primaria Incompleta,5.23,4.63,11.48,498794.07
2024-T2,Gran Salta,Secundaria Completa,72.55,68.75,5.24,528540.68
2024-T2,Gran Salta,Secundaria Incompleta,36.36,34.38,5.43,464387.47
2024-T2,Gran Salta,Sin Instrucción,0.71,0.0,100.0,0.0
2024-T2,Gran Salta,Superior Completa,77.27,74.47,3.63,1020955.52
2024-T2,Gran Salta,Superior Incompleta,52.65,47.96,8.9,482520.17
2024-T2,Gran Tucumán - Tafí Viejo,Primaria Completa,50.29,48.18,4.21,361605.83
2024-T2,Gran Tucumán - Tafí Viejo,Primaria Incompleta,9.61,8.19,14.7,309992.25
2024-T2,Gran Tucumán - Tafí Viejo,Secundaria Completa,64.72,58.07,10.28,560234.87
2024-T2,Gran Tucumán - Tafí Viejo,Secundaria Incompleta,33.14,29.77,10.17,373333.24
2024-T2,Gran Tucumán - Tafí Viejo,Sin Instrucción,1.63,1.63,0.0,234379.87
2024-T2,Gran Tucumán - Tafí Viejo,Superior Completa,79.84,77.45,3.0,875409.29
2024-T2,Gran Tucumán - Tafí Viejo,Superior Incompleta,56.99,50.94,10.61,607447.07
2024-T3,Gran Salta,Primaria Completa,49.48,48.9,1.17,384681.21
2024-T3,Gran Salta,Primaria Incompleta,4.56,4.56,0.0,375340.26
2024-T3,Gran Salta,Secundaria Completa,68.48,64.62,5.65,567359.69
2024-T3,Gran Salta,Secundaria Incompleta,41.07,37.92,7.67,432118.87
2024-T3,Gran Salta,Sin Instrucción,2.25,2.25,0.0,363360.53
2024-T3,Gran Salta,Superior Completa,77.4,74.35,3.94,1051302.3
2024-T3,Gran Salta,Superior Incompleta,53.32,49.68,6.83,644693.68
2024-T3,Gran Tucumán - Tafí Viejo,Primaria Completa,53.98,51.77,4.11,381275.49
2024-T3,Gran Tucumán - Tafí Viejo,Primaria Incompleta,11.24,10.95,2.59,355632.19
2024-T3,Gran Tucumán - Tafí Viejo,Secundaria Completa,64.56,60.19,6.77,558808.91
2024-T3,Gran Tucumán - Tafí Viejo,Secundaria Incompleta,38.55,35.81,7.12,411610.89
2024-T3,Gran Tucumán - Tafí Viejo,Sin Instrucción,0.58,0.58,0.0,1376574.51
2024-T3,Gran Tucumán - Tafí Viejo,Superior Completa,76.36,72.34,5.26,994472.72
2024-T3,Gran Tucumán - Tafí Viejo,Superior Incompleta,56.77,52.29,7.88,655370.76
2024-T4,Gran Salta,Primaria Completa,51.39,48.87,4.9,424551.39
2024-T4,Gran Salta,Primaria Incompleta,7.63,7.63,0.0,560410.09
2024-T4,Gran Salta,Secundaria Completa,70.3,63.95,9.03,636780.09
2024-T4,Gran Salta,Secundaria Incompleta,37.95,35.55,6.32,473860.36
2024-T4,Gran Salta,Sin Instrucción,0.83,0.83,0.0,394052.98
2024-T4,Gran Salta,Superior Completa,79.37,76.34,3.82,1187367.77
2024-T4,Gran Salta,Superior Incompleta,57.06,52.11,8.67,818079.61
2024-T4,Gran Tucumán - Tafí Viejo,Primaria Completa,54.89,52.97,3.49,413648.95
2024-T4,Gran Tucumán - Tafí Viejo,Primaria Incompleta,9.23,8.61,6.77,318588.67
2024-T4,Gran Tucumán - Tafí Viejo,Secundaria Completa,66.17,60.47,8.6,507185.64
2024-T4,Gran Tucumán - Tafí Viejo,Secundaria Incompleta,38.53,36.11,6.28,410037.82
2024-T4,Gran Tucumán - Tafí Viejo,Sin Instrucción,1.62,1.62,0.0,616054.06
2024-T4,Gran Tucumán - Tafí Viejo,Superior Completa,73.43,69.59,5.23,901792.15
2024-T4,Gran Tucumán - Tafí Viejo,Superior Incompleta,58.23,52.83,9.28,652767.44
2025-T1,Gran Salta,Primaria Completa,35.74,33.23,7.01,604154.88
2025-T1,Gran Salta,Primaria Incompleta,6.62,5.58,15.78,381769.25
2025-T1,Gran Salta,Secundaria Completa,69.69,66.49,4.59,697497.65
2025-T1,Gran Salta,Secundaria Incompleta,38.22,35.09,8.2,648311.26
2025-T1,Gran Salta,Sin Instrucción,0.0,0.0,0.0,0.0
2025-T1,Gran Salta,Superior Completa,74.97,71.49,4.64,1207998.68
2025-T1,Gran Salta,Superior Incompleta,52.24,48.95,6.29,821137.66
2025-T1,Gran Tucumán - Tafí Viejo,Primaria Completa,44.35,39.5,10.93,404159.65
2025-T1,Gran Tucumán - Tafí Viejo,Primaria Incompleta,8.05,6.97,13.5,338640.16
2025-T1,Gran Tucumán - Tafí Viejo,Secundaria Completa,65.83,59.04,10.31,712022.22
2025-T1,Gran Tucumán - Tafí Viejo,Secundaria Incompleta,37.32,34.08,8.68,497762.9
2025-T1,Gran Tucumán - Tafí Viejo,Sin Instrucción,0.56,0.56,0.0,243611.92
2025-T1,Gran Tucumán - Tafí Viejo,Superior Completa,73.84,73.01,1.13,1013237.26
2025-T1,Gran Tucumán - Tafí Viejo,Superior Incompleta,62.46,56.52,9.51,850531.5
2025-T2,Gran Salta,Primaria Completa,45.5,43.35,4.73,572239.32
2025-T2,Gran Salta,Primaria Incompleta,5.29,4.56,13.78,231415.01
2025-T2,Gran Salta,Secundaria Completa,70.18,65.06,7.29,695565.76
2025-T2,Gran Salta,Secundaria Incompleta,39.92,36.83,7.74,601923.92
2025-T2,Gran Salta,Sin Instrucción,1.06,1.06,0.0,1109837.37
2025-T2,Gran Salta,Superior Completa,80.01,76.8,4.02,1639496.05
2025-T2,Gran Salta,Superior Incompleta,48.72,45.0,7.64,722182.06
2025-T2,Gran Tucumán - Tafí Viejo,Primaria Completa,47.26,44.9,5.0,532343.14
2025-T2,Gran Tucumán - Tafí Viejo,Primaria Incompleta,12.15,11.93,1.76,450742.12
2025-T2,Gran Tucumán - Tafí Viejo,Secundaria Completa,68.28,63.48,7.03,651755.95
2025-T2,Gran Tucumán - Tafí Viejo,Secundaria Incompleta,39.13,37.74,3.54,488082.19
2025-T2,Gran Tucumán - Tafí Viejo,Sin Instrucción,1.43,1.43,0.0,694581.92
2025-T2,Gran Tucumán - Tafí Viejo,Superior Completa,81.11,80.78,0.41,1052361.24
2025-T2,Gran Tucumán - Tafí Viejo,Superior Incompleta,57.9,53.1,8.29,762391.24
2025-T3,Gran Salta,Primaria Completa,51.03,47.0,7.91,511240.59
2025-T3,Gran Salta,Primaria Incompleta,3.5,3.5,0.0,457753.59
2025-T3,Gran Salta,Secundaria Completa,69.64,66.84,4.01,700876.88
2025-T3,Gran Salta,Secundaria Incompleta,36.61,33.82,7.61,560371.89
2025-T3,Gran Salta,Sin Instrucción,1.21,1.21,0.0,180824.13
2025-T3,Gran Salta,Superior Completa,71.69,67.89,5.29,1189713.91
2025-T3,Gran Salta,Superior Incompleta,52.4,49.4,5.73,850488.08
2025-T3,Gran Tucumán - Tafí Viejo,Primaria Completa,50.71,47.99,5.37,457052.94
2025-T3,Gran Tucumán - Tafí Viejo,Primaria Incompleta,13.76,12.74,7.39,435631.41
2025-T3,Gran Tucumán - Tafí Viejo,Secundaria Completa,71.13,64.07,9.93,679362.03
2025-T3,Gran Tucumán - Tafí Viejo,Secundaria Incompleta,38.37,35.8,6.7,515113.67
2025-T3,Gran Tucumán - Tafí Viejo,Sin Instrucción,0.0,0.0,0.0,0.0
2025-T3,Gran Tucumán - Tafí Viejo,Superior Completa,77.16,75.11,2.65,1413365.97
2025-T3,Gran Tucumán - Tafí Viejo,Superior Incompleta,62.81,57.23,8.89,792344.81
2025-T4,Gran Salta,Primaria Completa,47.01,43.58,7.3,413428.38
2025-T4,Gran Salta,Primaria Incompleta,5.25,4.42,15.83,568725.63
2025-T4,Gran Salta,Secundaria Completa,70.78,65.98,6.78,709664.06
2025-T4,Gran Salta,Secundaria Incompleta,38.61,37.0,4.17,574452.6
2025-T4,Gran Salta,Sin Instrucción,0.0,0.0,0.0,0.0
2025-T4,Gran Salta,Superior Completa,74.67,72.72,2.6,1188387.3
2025-T4,Gran Salta,Superior Incompleta,53.72,48.96,8.87,1073788.97
2025-T4,Gran Tucumán - Tafí Viejo,Primaria Completa,55.46,52.11,6.05,497546.07
2025-T4,Gran Tucumán - Tafí Viejo,Primaria Incompleta,7.96,6.58,17.41,605994.03
2025-T4,Gran Tucumán - Tafí Viejo,Secundaria Completa,71.84,67.15,6.52,780426.6
2025-T4,Gran Tucumán - Tafí Viejo,Secundaria Incompleta,40.87,37.68,7.81,571304.31
2025-T4,Gran Tucumán - Tafí Viejo,Sin Instrucción,0.7,0.7,0.0,320000.0
2025-T4,Gran Tucumán - Tafí Viejo,Superior Completa,79.48,77.03,3.08,1219626.01
2025-T4,Gran Tucumán - Tafí Viejo,Superior Incompleta,57.09,53.79,5.78,670518.46
